City_ID,City,Lat,Lng,Max Temp,Humidity,Cloudiness,Wind Speed,Country,Weather Description
0,Longyearbyen,78.2186,15.6401,42.64,87,75,17.27,IN,broken clouds
1,Kaolack,14.1825,-16.2533,84.49,61,53,12.01,IN,broken clouds
2,Adrar,20.5022,-10.0711,93.63,25,63,5.48,IN,broken clouds
3,Jamestown,42.097,-79.2353,73.71,84,75,5.01,IN,broken clouds
4,Ushuaia,-54.8,-68.3,37.06,75,75,5.75,IN,broken clouds
5,Ponta Do Sol,32.6667,-17.1,72.72,81,0,6.69,IN,clear sky
6,Pemberton,50.3164,-122.8027,87.49,34,26,6.87,IN,scattered clouds
7,Guiratinga,-16.3494,-53.7583,73.26,37,0,3.78,IN,clear sky
8,Arraial Do Cabo,-22.9661,-42.0278,70.16,76,0,23.09,IN,clear sky
9,Hermanus,-34.4187,19.2345,50.9,56,14,5.68,IN,few clouds
10,Rikitea,-23.1203,-134.9692,69.35,54,0,1.83,IN,clear sky
11,Praia Da Vitoria,38.7333,-27.0667,75.45,78,20,14.65,IN,few clouds
12,Todos Santos,23.45,-110.2167,97.02,82,69,6.69,IN,broken clouds
13,Avera,33.194,-82.5271,91.44,41,12,6.53,IN,few clouds
14,Punta Arenas,-53.15,-70.9167,37.51,81,75,16.11,IN,broken clouds
15,Calama,-22.4667,-68.9333,64.89,8,4,14.97,IN,clear sky
16,Ilulissat,69.2167,-51.1,44.62,81,75,10.36,IN,broken clouds
17,Kalabo,-14.97,22.6814,60.67,55,2,9.69,IN,clear sky
18,Bluff,-46.6,168.3333,45.81,69,100,10.07,IN,overcast clouds
19,Yellowknife,62.456,-114.3525,58.32,52,75,4.0,IN,broken clouds
20,Albany,42.6001,-73.9662,80.02,58,90,1.99,IN,overcast clouds
21,Te Anau,-45.4167,167.7167,46.83,79,100,3.2,IN,overcast clouds
22,Santa Cruz,-17.8,-63.1667,82.45,47,0,19.57,IN,clear sky
23,Iwaki,37.05,140.8833,81.01,76,3,1.01,IN,clear sky
24,Kavaratti,10.5669,72.642,82.08,79,84,19.57,IN,broken clouds
25,Mataura,-46.1927,168.8643,46.47,79,100,3.6,IN,overcast clouds
26,Ransang,8.9603,117.5828,81.37,79,100,9.91,IN,overcast clouds
27,Tuatapere,-46.1333,167.6833,46.81,76,100,5.99,IN,overcast clouds
28,Junin,-34.5838,-60.9433,56.48,92,90,8.68,IN,overcast clouds
29,Hithadhoo,-0.6,73.0833,81.75,78,48,10.78,IN,scattered clouds
30,Yumen,40.2833,97.2,73.33,51,44,4.85,IN,scattered clouds
31,Przhevalskoye,55.5093,31.8482,52.29,78,22,3.94,IN,few clouds
32,Carnarvon,-24.8667,113.6333,59.07,70,100,10.36,IN,overcast clouds
33,Makinsk,52.6292,70.4169,66.99,41,94,2.89,IN,overcast clouds
34,Chuy,-33.6971,-53.4616,55.85,85,98,6.89,IN,overcast clouds
35,Port Elizabeth,-33.918,25.5701,50.29,76,40,6.91,IN,scattered clouds
36,Atuona,-9.8,-139.0333,78.67,71,36,17.49,IN,scattered clouds
37,Balkhash,46.844,74.9804,75.58,40,1,1.48,IN,clear sky
38,Barrow,71.2906,-156.7887,41.02,87,90,5.75,IN,light rain
39,Kavieng,-2.5744,150.7967,83.5,73,15,9.01,IN,few clouds
40,Severo-Kurilsk,50.6789,156.125,56.55,92,66,2.17,IN,broken clouds
41,New Norfolk,-42.7826,147.0587,44.92,79,85,4.0,IN,overcast clouds
42,Busselton,-33.65,115.3333,57.09,75,99,16.28,IN,overcast clouds
43,Mar Del Plata,-38.0023,-57.5575,51.13,60,90,11.99,IN,overcast clouds
44,Port Lincoln,-34.7333,135.8667,54.82,73,63,18.32,IN,broken clouds
45,San Cristobal,7.7669,-72.225,80.78,88,100,4.43,IN,overcast clouds
46,Kamaishi,39.2667,141.8833,78.37,75,16,5.37,IN,few clouds
47,Pangnirtung,66.1451,-65.7125,52.5,63,100,6.42,IN,overcast clouds
48,Bredasdorp,-34.5322,20.0403,40.32,93,18,3.44,IN,few clouds
49,Thompson,55.7435,-97.8558,73.56,53,40,10.36,IN,scattered clouds
50,Lavrentiya,65.5833,-171.0,44.76,98,100,11.34,IN,light rain
51,Nuuk,64.1835,-51.7216,45.21,70,40,5.75,IN,scattered clouds
52,Bodden Town,19.2833,-81.25,88.0,71,20,1.99,IN,few clouds
53,Asyut,27.181,31.1837,83.07,32,0,8.19,IN,clear sky
54,Broome,42.2506,-75.833,79.09,65,1,1.01,IN,clear sky
55,Dikson,73.5069,80.5464,37.6,95,97,11.88,IN,overcast clouds
56,Tuktoyaktuk,69.4541,-133.0374,66.2,45,75,14.97,IN,broken clouds
57,Bengkulu,-3.8004,102.2655,75.22,84,26,4.41,IN,scattered clouds
58,Kapaa,22.0752,-159.319,84.18,82,90,5.99,IN,light rain
59,Montrose,38.4166,-108.2673,69.21,77,62,4.92,IN,broken clouds
60,Eyl,7.9803,49.8164,80.62,55,85,25.86,IN,overcast clouds
61,Dharchula,29.85,80.5333,73.83,97,99,0.34,IN,overcast clouds
62,Nikolskoye,59.7035,30.7861,56.01,68,42,3.98,IN,scattered clouds
63,Tonj,7.2737,28.6822,70.16,96,100,4.94,IN,overcast clouds
64,Tasiilaq,65.6145,-37.6368,42.96,98,100,5.14,IN,light rain
65,Bonthe,7.5264,-12.505,75.85,86,100,6.33,IN,light rain
66,Ahuimanu,21.4447,-157.8378,89.31,69,75,16.11,IN,light rain
67,Santa Maria,-29.6842,-53.8069,69.1,68,0,5.75,IN,clear sky
68,Port Alfred,-33.5906,26.891,53.44,67,0,15.64,IN,clear sky
69,Lompoc,34.6391,-120.4579,89.69,68,20,11.5,IN,few clouds
70,Hilo,19.7297,-155.09,81.63,88,90,6.91,IN,mist
71,Mount Darwin,-16.7725,31.5838,46.51,65,3,4.5,IN,clear sky
72,Qaanaaq,77.484,-69.3632,40.89,67,100,2.8,IN,overcast clouds
73,Trinidad,-14.8333,-64.9,87.78,51,0,4.61,IN,clear sky
74,Voyvozh,62.892,54.9635,39.47,98,48,5.59,IN,scattered clouds
75,Hobart,-42.8794,147.3294,45.27,70,40,4.0,IN,scattered clouds
76,Butaritari,3.0707,172.7902,83.64,75,76,14.47,IN,light rain
77,Tarakan,3.3,117.6333,74.7,94,75,3.44,IN,broken clouds
78,North Bend,43.4065,-124.2243,68.16,82,75,29.93,IN,mist
79,Avarua,-21.2078,-159.775,78.85,69,20,9.22,IN,few clouds
80,Cabo San Lucas,22.8909,-109.9124,97.52,59,20,8.99,IN,few clouds
81,Olafsvik,64.8945,-23.7142,50.07,85,84,12.57,IN,broken clouds
82,Cape Town,-33.9258,18.4232,51.28,81,35,2.3,IN,smoke
83,Clyde River,70.4692,-68.5914,34.03,100,90,18.41,IN,moderate rain
84,Termoli,41.9888,14.9895,82.26,55,41,9.82,IN,scattered clouds
85,Georgetown,5.4112,100.3354,82.89,90,20,2.3,IN,haze
86,Teguise,29.0605,-13.564,68.22,83,20,17.27,IN,few clouds
87,Hualmay,-11.0964,-77.6139,64.44,79,31,8.19,IN,scattered clouds
88,Las Palmas,28.4204,-14.0131,70.59,73,20,13.8,IN,few clouds
89,Esperance,-33.8667,121.9,49.84,80,16,17.58,IN,few clouds
90,Puerto Ayora,-0.7393,-90.3518,82.36,83,23,7.0,IN,few clouds
91,Amapa,1.0,-52.0,74.62,84,88,2.75,IN,overcast clouds
92,Saskylakh,71.9167,114.0833,62.15,59,100,6.62,IN,overcast clouds
93,Medeiros Neto,-17.3739,-40.2206,65.73,77,54,7.4,IN,broken clouds
94,Bac Lieu,9.285,105.7244,78.4,86,91,8.88,IN,overcast clouds
95,Southbridge,42.0751,-72.0334,80.24,62,30,6.26,IN,scattered clouds
96,Sibut,5.718,19.0739,70.2,95,97,4.34,IN,overcast clouds
97,Langsa,4.4683,97.9683,74.77,90,98,1.68,IN,overcast clouds
98,East London,-33.0153,27.9116,53.85,68,0,13.22,IN,clear sky
99,Harnoli,32.2792,71.5539,95.13,44,13,6.15,IN,few clouds
100,San Jeronimo,-11.9472,-75.2829,52.59,54,30,6.93,IN,scattered clouds
101,Maragogi,-9.0122,-35.2225,72.46,86,8,12.28,IN,clear sky
102,Vila Velha,-20.3297,-40.2925,67.95,73,0,3.44,IN,clear sky
103,Sao Miguel Do Araguaia,-13.275,-50.1628,76.12,34,15,3.69,IN,few clouds
104,Ulladulla,-35.35,150.4667,50.88,52,25,16.42,IN,scattered clouds
105,Saint-Philippe,-21.3585,55.7679,67.55,80,32,5.35,IN,light rain
106,Morondava,-20.2833,44.2833,68.45,51,1,17.36,IN,clear sky
107,Saskatoon,52.1168,-106.6345,84.94,24,20,8.01,IN,few clouds
108,Leningradskiy,69.3833,178.4167,37.24,95,100,4.81,IN,light rain
109,Rio Grande,-32.035,-52.0986,58.95,73,73,6.31,IN,broken clouds
110,Portland,45.5234,-122.6762,93.47,37,1,1.99,IN,clear sky
111,Buritama,-21.0661,-50.1472,69.51,27,0,7.61,IN,clear sky
112,Nedjo,9.5046,35.5019,56.89,99,100,3.51,IN,light rain
113,Port-Gentil,-0.7193,8.7815,75.31,74,97,10.71,IN,overcast clouds
114,Buin,-33.7333,-70.75,55.74,79,94,0.18,IN,overcast clouds
115,Port Hedland,-20.3167,118.5667,57.25,72,40,4.61,IN,scattered clouds
116,Peniche,39.3558,-9.3811,67.48,89,50,7.16,IN,scattered clouds
117,Saint Anthony,45.0205,-93.218,92.34,26,1,3.0,IN,clear sky
118,Chapais,49.7834,-74.8492,74.98,45,100,13.11,IN,overcast clouds
119,Anadyr,64.75,177.4833,57.7,93,90,5.99,IN,moderate rain
120,Mahebourg,-20.4081,57.7,70.09,83,40,11.5,IN,light rain
121,Pisco,-13.7,-76.2167,64.45,72,0,19.57,IN,clear sky
122,Sorland,67.667,12.6934,52.45,95,100,14.88,IN,overcast clouds
123,Kamenka,51.3223,42.7678,60.04,74,58,6.13,IN,broken clouds
124,Cherskiy,68.75,161.3,52.43,62,84,4.79,IN,broken clouds
125,Bagra,23.7333,86.3167,79.95,85,75,3.89,IN,broken clouds
126,Alyangula,-13.8483,136.4192,71.47,100,90,0.0,IN,overcast clouds
127,Kahului,20.8947,-156.47,86.02,79,40,21.85,IN,light rain
128,Salalah,17.0151,54.0924,78.89,94,90,6.91,IN,light intensity drizzle
129,Tucuman,-26.8241,-65.2226,71.6,43,17,0.0,IN,few clouds
130,Batagay-Alyta,67.8006,130.4114,62.4,64,20,8.08,IN,few clouds
131,Yulara,-25.2406,130.9889,39.04,70,42,5.75,IN,scattered clouds
132,Giraldo,6.6831,-75.9892,53.49,97,100,3.11,IN,overcast clouds
133,Nome,64.5011,-165.4064,50.07,87,90,11.5,IN,overcast clouds
134,Muroto,33.2833,134.15,77.04,81,100,11.27,IN,overcast clouds
135,Ankang,32.68,109.0172,74.64,87,72,1.39,IN,broken clouds
136,Krasnyy Chikoy,50.3643,108.7512,59.31,77,0,0.76,IN,clear sky
137,San Matias,-16.3667,-58.4,82.53,29,0,5.99,IN,clear sky
138,Tautira,-17.7333,-149.15,82.42,72,17,8.21,IN,few clouds
139,Zhezkazgan,47.8043,67.7144,82.6,21,7,5.14,IN,clear sky
140,Hofn,64.2539,-15.2082,52.36,88,59,17.38,IN,broken clouds
141,Belmonte,-15.8631,-38.8828,73.9,68,90,10.94,IN,overcast clouds
142,Hasaki,35.7333,140.8333,79.29,78,0,9.78,IN,clear sky
143,Constitucion,-35.3333,-72.4167,51.89,89,99,15.39,IN,overcast clouds
144,Westport,41.1415,-73.3579,80.62,56,1,5.99,IN,clear sky
145,Kruisfontein,-34.0033,24.7314,47.25,42,5,8.79,IN,clear sky
146,Gizo,-8.103,156.8419,82.2,75,51,6.17,IN,moderate rain
147,Ulaanbaatar,47.9077,106.8832,53.73,82,0,2.24,IN,clear sky
148,Mucurapo,10.6667,-61.5333,82.45,82,69,7.16,IN,broken clouds
149,Orebro,59.2741,15.2066,62.92,77,59,0.0,IN,broken clouds
150,Payo,-3.7508,103.6372,71.55,89,7,1.88,IN,clear sky
151,Mumford,5.2618,-0.759,74.14,85,9,8.25,IN,clear sky
152,Berdigestyakh,62.0989,126.6992,66.76,57,52,11.03,IN,broken clouds
153,Umm Lajj,25.0213,37.2685,84.7,50,0,6.58,IN,clear sky
154,Bacolod,10.6667,122.95,80.17,87,78,16.06,IN,broken clouds
155,Wagar,16.1525,36.2032,73.49,89,100,14.16,IN,overcast clouds
156,Iqaluit,63.7506,-68.5145,46.13,81,90,13.8,IN,light rain
157,Chokurdakh,70.6333,147.9167,45.72,63,80,15.12,IN,broken clouds
158,Paamiut,61.994,-49.6678,41.67,86,87,13.96,IN,overcast clouds
159,Viedma,-40.8135,-62.9967,44.83,70,100,10.51,IN,overcast clouds
160,Ust-Maya,60.4167,134.5333,60.42,98,100,9.24,IN,light rain
161,Pacific Grove,36.6177,-121.9166,92.01,76,1,4.0,IN,clear sky
162,Namibe,-15.1961,12.1522,65.77,79,0,6.38,IN,clear sky
163,Laguna,38.421,-121.4238,107.2,22,1,1.01,IN,clear sky
164,Gberia Fotombu,9.8833,-11.1667,68.41,99,99,5.48,IN,overcast clouds
165,Mozarlandia,-14.7447,-50.5706,77.23,32,0,4.88,IN,clear sky
166,Touros,-5.1989,-35.4608,76.1,77,11,16.91,IN,few clouds
167,Hambantota,6.1241,81.1185,79.07,83,94,14.32,IN,overcast clouds
168,Kuryk,43.2,51.65,80.33,56,0,12.28,IN,clear sky
169,Nizwa,22.9333,57.5333,86.94,58,92,3.31,IN,overcast clouds
170,Ancud,-41.8697,-73.8203,44.13,77,100,3.91,IN,overcast clouds
171,Goba,7.0167,39.9833,50.58,93,100,2.82,IN,overcast clouds
172,Corinth,37.9407,22.9573,80.69,55,7,3.13,IN,clear sky
173,Victoria,22.2855,114.1577,82.38,93,90,4.0,IN,light rain
174,Pevek,69.7008,170.3133,37.29,89,89,12.57,IN,overcast clouds
175,Storforshei,66.4043,14.5233,52.66,99,100,0.92,IN,overcast clouds
176,Airai,-8.9266,125.4092,60.17,37,5,2.77,IN,clear sky
177,Castro,-24.7911,-50.0119,54.3,73,0,3.27,IN,clear sky
178,Saldanha,-33.0117,17.9442,48.25,59,48,11.12,IN,scattered clouds
179,Bacungan,9.9106,118.7022,81.57,76,96,7.45,IN,overcast clouds
180,Ende,-8.8432,121.6623,73.49,76,29,1.19,IN,scattered clouds
181,Tondano,1.3038,124.9112,69.89,83,100,3.22,IN,light rain
182,Aasiaat,68.7098,-52.8699,38.98,90,75,11.52,IN,broken clouds
183,Quatre Cocos,-20.2078,57.7625,69.91,80,26,11.56,IN,light rain
184,Mantua,45.1667,10.7833,79.84,78,22,5.01,IN,few clouds
185,Santa Isabel,-23.3156,-46.2214,71.38,50,0,1.03,IN,clear sky
186,Mehran,33.1222,46.1646,90.88,13,0,8.52,IN,clear sky
187,Ushtobe,45.2514,77.9838,72.7,31,0,4.59,IN,clear sky
188,Belle Fourche,44.6714,-103.8522,93.88,23,0,9.51,IN,clear sky
189,Bathsheba,13.2167,-59.5167,81.21,83,40,10.36,IN,scattered clouds
190,Awjilah,29.1081,21.2869,78.33,58,0,12.37,IN,clear sky
191,Barkly West,-28.5354,24.5215,45.68,39,1,10.36,IN,clear sky
192,Cozumel,20.5083,-86.9458,86.11,76,75,5.01,IN,broken clouds
193,Ikom,5.9667,8.7063,70.56,97,65,1.41,IN,broken clouds
194,Parga,39.2831,20.3964,75.18,66,0,4.83,IN,clear sky
195,Yar-Sale,66.8333,70.8333,50.43,93,0,8.5,IN,clear sky
196,Palmas Bellas,9.2319,-80.0867,83.01,90,100,4.41,IN,overcast clouds
197,Vaini,-21.2,-175.2,80.76,89,20,8.05,IN,few clouds
198,Suez,29.9737,32.5263,77.45,71,0,9.42,IN,clear sky
199,Asau,46.4333,26.4,64.76,88,8,3.36,IN,clear sky
200,Yazman,29.1212,71.7446,97.5,41,61,3.85,IN,broken clouds
201,Payakumbuh,-0.2202,100.6308,68.65,86,65,2.26,IN,broken clouds
202,Norman Wells,65.282,-126.8329,68.04,37,20,11.5,IN,few clouds
203,Imperatriz,-5.5264,-47.4917,81.41,39,64,4.56,IN,broken clouds
204,Dingle,10.9995,122.6711,79.92,85,84,14.18,IN,broken clouds
205,Sandwick,60.0,-1.25,55.22,94,90,4.61,IN,overcast clouds
206,Selikhino,50.3672,137.4996,81.72,69,46,9.86,IN,scattered clouds
207,Codrington,-38.2667,141.9667,44.96,78,89,17.45,IN,overcast clouds
208,Marsh Harbour,26.5412,-77.0636,78.6,66,100,11.95,IN,overcast clouds
209,Santiago Del Estero,-27.7951,-64.2615,70.81,41,39,4.09,IN,scattered clouds
210,Carrollton,32.9537,-96.8903,101.25,43,20,1.01,IN,few clouds
211,Osypenko,46.9136,36.8253,69.84,59,0,9.53,IN,clear sky
212,Wanparti,16.3667,78.0667,74.05,88,96,11.74,IN,overcast clouds
213,Mortka,59.3322,66.0214,58.48,89,100,2.57,IN,overcast clouds
214,Guerrero Negro,27.9769,-114.0611,76.51,65,100,14.54,IN,overcast clouds
215,Elk City,35.412,-99.4043,96.78,43,1,14.97,IN,clear sky
216,Qasigiannguit,68.8193,-51.1922,44.85,92,98,7.99,IN,light rain
217,Upernavik,72.7868,-56.1549,40.1,83,94,5.41,IN,overcast clouds
218,Luderitz,-26.6481,15.1594,65.07,23,36,7.0,IN,scattered clouds
219,Zaraza,9.3503,-65.3245,75.69,93,100,1.19,IN,overcast clouds
220,Tilichiki,60.4667,166.1,59.18,77,100,5.46,IN,overcast clouds
221,Kodiak,57.79,-152.4072,58.51,77,90,8.05,IN,overcast clouds
222,Bouar,5.934,15.596,64.4,97,100,2.48,IN,overcast clouds
223,Fairbanks,64.8378,-147.7164,65.01,70,75,3.0,IN,broken clouds
224,Victor Harbor,-35.5667,138.6167,52.47,79,76,15.23,IN,broken clouds
225,Provideniya,64.3833,-173.3,47.52,98,100,13.35,IN,light rain
226,Cascais,38.6979,-9.4215,68.47,73,22,5.01,IN,few clouds
227,Olinda,-8.0089,-34.8553,71.33,88,75,13.8,IN,broken clouds
228,Noumea,-22.2763,166.4572,75.18,99,1,0.54,IN,clear sky
229,Pingdingshan,33.7385,113.3012,75.4,86,4,3.02,IN,clear sky
230,Sitka,57.0531,-135.33,57.09,82,90,6.91,IN,light rain
231,Watsa,3.0372,29.5355,63.79,96,96,2.35,IN,overcast clouds
232,Piracanjuba,-17.3028,-49.0167,66.97,38,0,7.43,IN,clear sky
233,Cayenne,4.9333,-52.3333,82.09,80,0,1.99,IN,clear sky
234,Nanortalik,60.1432,-45.2371,43.23,97,100,10.63,IN,overcast clouds
235,Fengrun,39.8333,118.1167,78.75,82,28,4.47,IN,light rain
236,Lagos,6.5833,3.75,77.32,82,95,4.76,IN,overcast clouds
237,Jaru,-10.4389,-62.4664,81.91,40,10,2.28,IN,clear sky
238,Bethel,41.3712,-73.414,79.16,60,20,8.05,IN,few clouds
239,San Andres,12.5847,-81.7006,86.02,79,90,14.97,IN,overcast clouds
240,Fare,-16.7,-151.0167,78.42,69,48,10.16,IN,scattered clouds
241,Nalut,30.3333,10.85,83.53,21,0,12.3,IN,clear sky
242,Ambon,-3.6954,128.1814,76.84,86,100,9.64,IN,overcast clouds
243,Canmore,51.0834,-115.3521,82.51,23,15,10.36,IN,few clouds
244,Tabas,33.5959,56.9244,90.99,12,0,7.72,IN,clear sky
245,Margate,51.3813,1.3862,64.11,87,92,1.99,IN,overcast clouds
246,Weihai,37.5017,122.1136,78.93,75,63,3.09,IN,broken clouds
247,Alekseyevsk,57.8406,108.3492,68.18,68,74,3.87,IN,broken clouds
248,Knysna,-34.0363,23.0471,48.58,40,25,5.48,IN,scattered clouds
249,Fukue,32.6881,128.8419,79.68,79,98,20.29,IN,light rain
250,Borogontsy,62.6683,131.1683,65.73,79,38,8.75,IN,scattered clouds
251,Lebu,-37.6167,-73.65,51.22,80,99,17.67,IN,overcast clouds
252,San Quintin,30.4833,-115.95,72.19,74,93,10.6,IN,overcast clouds
253,Mareeba,-17.0,145.4333,72.32,81,73,2.86,IN,broken clouds
254,Rupert,42.6191,-113.6772,89.55,19,1,10.36,IN,clear sky
255,Russell,32.3502,-85.1999,91.11,62,1,4.61,IN,clear sky
256,Dadri,28.5667,77.55,89.46,70,53,5.44,IN,broken clouds
257,Narsaq,60.9167,-46.05,50.22,88,69,2.37,IN,broken clouds
258,Auki,-8.7676,160.7034,83.16,71,83,3.02,IN,light rain
259,Kampot,10.6167,104.1833,78.85,87,100,8.14,IN,overcast clouds
260,Wajid,3.8093,43.2471,71.89,70,66,22.21,IN,broken clouds
261,Walvis Bay,-22.9575,14.5053,66.09,11,5,12.66,IN,clear sky
262,Khujner,23.7833,76.6,78.1,87,100,10.67,IN,overcast clouds
263,Toamasina,-18.1667,49.3833,66.2,88,40,6.91,IN,light rain
264,Huarmey,-10.0681,-78.1522,66.02,77,17,8.3,IN,few clouds
265,Northam,51.0333,-4.2167,64.29,93,47,6.8,IN,scattered clouds
266,Dunedin,-45.8742,170.5036,45.81,52,83,17.0,IN,broken clouds
267,Namatanai,-3.6667,152.4333,83.03,71,11,3.6,IN,few clouds
268,Port Blair,11.6667,92.75,81.95,83,100,19.89,IN,moderate rain
269,Samarai,-10.6167,150.6667,79.9,85,95,13.85,IN,overcast clouds
270,Coquimbo,-29.9533,-71.3436,56.93,76,40,6.91,IN,scattered clouds
271,Peno,56.9262,32.7426,50.09,74,15,2.57,IN,few clouds
272,Tabat,-2.635,115.2274,70.43,90,26,2.15,IN,scattered clouds
273,Nuevo Progreso,23.1667,-97.95,94.59,53,2,4.0,IN,clear sky
274,Sarh,9.1429,18.3923,78.71,89,20,0.0,IN,thunderstorm
275,Jackson,42.4165,-122.8345,96.93,22,1,3.44,IN,clear sky
276,San Policarpo,12.1791,125.5072,81.79,74,89,9.44,IN,overcast clouds
277,Coruripe,-10.1256,-36.1756,73.38,79,0,13.13,IN,clear sky
278,Vao,-22.6667,167.4833,71.58,83,3,7.4,IN,clear sky
279,Champerico,14.3,-91.9167,91.94,73,91,3.94,IN,overcast clouds
280,Lagoa,39.05,-27.9833,69.51,91,41,13.89,IN,scattered clouds
281,Delano,35.7688,-119.247,103.06,12,1,11.5,IN,clear sky
282,Tsalka,41.5946,44.0891,59.23,93,91,2.3,IN,overcast clouds
283,Monrovia,6.3005,-10.7969,74.97,80,99,8.86,IN,overcast clouds
284,Lake Havasu City,34.4839,-114.3224,99.21,34,1,14.97,IN,clear sky
285,Moengo,5.6167,-54.4,74.7,97,100,2.93,IN,light rain
286,Riosucio,5.4216,-75.7032,63.03,98,100,2.13,IN,moderate rain
287,Puntarenas,9.9763,-84.8384,82.33,91,100,4.54,IN,light rain
288,Uddevalla,58.3478,11.9424,67.01,84,0,3.18,IN,clear sky
289,Kidal,18.4411,1.4078,88.27,46,10,1.57,IN,clear sky
290,Tori,58.4825,24.8152,49.44,72,7,4.05,IN,clear sky
291,Gillette,44.2911,-105.5022,92.25,17,1,4.0,IN,clear sky
292,Faanui,-16.4833,-151.75,78.44,68,45,10.85,IN,scattered clouds
293,Porangatu,-13.4408,-49.1486,74.14,33,21,4.14,IN,few clouds
294,General Roca,-39.0333,-67.5833,50.4,37,58,4.29,IN,broken clouds
295,Nanae,41.8833,140.6833,75.43,83,75,5.75,IN,broken clouds
296,Laibin,23.7,109.2667,78.22,88,72,2.93,IN,broken clouds
297,Deputatskiy,69.3,139.9,50.58,59,67,5.73,IN,broken clouds
298,Maniitsoq,65.4167,-52.9,40.41,80,76,0.92,IN,broken clouds
299,Carndonagh,55.25,-7.2667,58.55,86,17,1.45,IN,few clouds
300,Muros,42.7762,-9.0603,63.23,90,77,2.59,IN,broken clouds
301,Tessalit,20.1986,1.0114,88.39,47,48,22.97,IN,scattered clouds
302,Mayumba,-3.432,10.6554,70.41,89,31,2.53,IN,scattered clouds
303,Douentza,14.9951,-2.9517,89.82,46,94,4.09,IN,overcast clouds
304,Denpasar,-8.65,115.2167,74.86,88,20,4.61,IN,few clouds
305,Lakes Entrance,-37.8811,147.981,47.17,60,78,16.04,IN,broken clouds
306,Laramie,41.3114,-105.5911,80.96,22,1,3.0,IN,clear sky
307,Tamandare,-8.7597,-35.1047,73.09,84,7,10.25,IN,clear sky
308,Ahipara,-35.1667,173.1667,59.34,76,100,15.08,IN,overcast clouds
309,Soyo,-6.1349,12.3689,71.26,91,1,8.86,IN,clear sky
310,Srednekolymsk,67.45,153.6833,56.19,52,100,15.05,IN,overcast clouds
311,Isla Vista,34.4133,-119.861,90.68,61,75,6.91,IN,broken clouds
312,Emerald,-23.5333,148.1667,59.99,49,0,2.3,IN,clear sky
313,Goderich,43.7501,-81.7165,76.91,88,100,16.11,IN,overcast clouds
314,Shingu,33.7333,135.9833,79.92,77,83,7.02,IN,broken clouds
315,Wewak,-3.5534,143.6268,77.07,89,100,3.51,IN,overcast clouds
316,Soe,-9.8607,124.284,65.34,42,7,3.56,IN,clear sky
317,Mikhaylovskoye,51.8239,79.7172,67.71,65,16,3.4,IN,few clouds
318,Tiksi,71.6872,128.8694,42.55,79,40,4.83,IN,scattered clouds
319,Buraydah,26.326,43.975,95.45,15,4,6.87,IN,clear sky
320,Vanimo,-2.6741,141.3028,74.66,93,100,9.95,IN,heavy intensity rain
321,Bilma,18.6853,12.9164,91.71,38,99,14.18,IN,overcast clouds
322,Acarau,-2.8856,-40.12,78.35,77,20,13.8,IN,few clouds
323,Kailua,21.4022,-157.7394,89.58,73,75,16.11,IN,light rain
324,Djambala,-2.5447,14.7533,77.7,37,99,3.18,IN,overcast clouds
325,Brae,60.3964,-1.353,55.31,88,37,2.86,IN,scattered clouds
326,Ostrovnoy,68.0531,39.5131,44.22,88,94,21.7,IN,overcast clouds
327,Souillac,-20.5167,57.5167,70.18,83,40,11.5,IN,scattered clouds
328,Vardo,70.3705,31.1107,46.06,85,98,27.96,IN,overcast clouds
329,Ribeira Grande,38.5167,-28.7,71.65,91,56,8.59,IN,broken clouds
330,Tiarei,-17.5333,-149.3333,82.0,74,33,8.81,IN,light rain
331,Talakan,50.3167,130.3667,70.23,97,100,5.12,IN,light rain
332,Tucumcari,35.1717,-103.725,94.95,22,1,8.05,IN,clear sky
333,Wanning,18.8003,110.3967,79.66,85,26,9.8,IN,scattered clouds
334,Tura,25.5198,90.2201,74.73,96,97,5.14,IN,overcast clouds
335,Merauke,-8.4667,140.3333,76.62,86,95,7.67,IN,overcast clouds
336,Dalmeny,52.3334,-106.7679,84.67,21,20,27.63,IN,few clouds
337,Mount Isa,-20.7333,139.5,55.17,38,25,8.05,IN,scattered clouds
338,Kitimat,54.0524,-128.6534,66.9,71,74,1.99,IN,broken clouds
339,Hailey,43.5196,-114.3153,90.9,20,1,10.36,IN,clear sky
340,Yeniseysk,58.4497,92.1703,62.26,74,2,3.78,IN,clear sky
341,Savelugu,9.6244,-0.8253,78.06,73,100,6.67,IN,overcast clouds
342,Zyryanovsk,49.7386,84.2719,59.43,88,6,1.19,IN,clear sky
343,Kendari,-3.945,122.4989,72.79,88,95,2.21,IN,overcast clouds
344,Sao Francisco De Paula,-29.4481,-50.5836,62.38,64,1,5.26,IN,clear sky
345,Kongolo,-5.3833,27.0,74.86,36,18,3.62,IN,few clouds
346,Katsuura,35.1333,140.3,85.1,75,4,10.11,IN,clear sky
347,Biak,-0.9131,122.8766,74.8,79,92,5.41,IN,overcast clouds
348,Ilave,-16.0833,-69.6667,46.17,54,25,6.69,IN,scattered clouds
349,Castanheira De Pera,40.0072,-8.2105,61.2,97,40,4.94,IN,scattered clouds
350,Nosy Varika,-20.5833,48.5333,64.06,93,100,12.21,IN,moderate rain
351,Boguchany,58.3814,97.4531,65.17,71,1,3.27,IN,clear sky
352,Ust-Kuyga,70.0167,135.6,56.79,54,100,9.17,IN,overcast clouds
353,Aykhal,66.0,111.5,67.28,53,0,15.35,IN,clear sky
354,Lorengau,-2.0226,147.2712,83.25,71,48,6.06,IN,scattered clouds
355,Kudinovo,54.9994,36.2533,48.25,76,5,2.44,IN,clear sky
356,Kralendijk,12.15,-68.2667,84.18,74,75,16.11,IN,broken clouds
357,Guiberoua,6.2392,-6.1727,68.68,86,89,3.4,IN,overcast clouds
358,Christchurch,-43.5333,172.6333,55.0,68,18,8.01,IN,few clouds
359,Lloret De Mar,41.6999,2.8457,79.34,48,81,3.0,IN,broken clouds
360,Kaitangata,-46.2817,169.8464,44.92,51,83,4.18,IN,broken clouds
361,Tezu,27.9167,96.1667,77.61,94,100,1.05,IN,overcast clouds
362,Torbay,47.6666,-52.7314,62.76,87,75,12.66,IN,light rain
363,Husavik,66.0449,-17.3389,57.11,95,82,11.48,IN,broken clouds
364,Paita,-5.0892,-81.1144,72.16,80,7,12.37,IN,clear sky
365,Igrim,63.1906,64.4162,46.47,85,88,7.58,IN,overcast clouds
366,Tevaitoa,-16.7833,-151.5,78.37,69,39,9.37,IN,scattered clouds
367,Terenos,-20.4422,-54.8603,78.51,38,0,8.05,IN,clear sky
368,Molochnoye,59.2917,39.6787,54.03,64,96,4.45,IN,overcast clouds
369,Rundu,-17.9333,19.7667,51.67,43,0,7.38,IN,clear sky
370,Sept-Iles,50.2001,-66.3821,64.92,85,20,3.0,IN,few clouds
371,Okha,53.5739,142.9478,70.32,88,96,7.27,IN,overcast clouds
372,Haines Junction,60.7522,-137.5108,60.75,55,90,6.91,IN,overcast clouds
373,Isangel,-19.55,169.2667,82.51,74,40,5.75,IN,scattered clouds
374,Lata,40.1629,-8.3327,63.05,97,57,1.97,IN,broken clouds
375,Nchelenge,-9.3451,28.734,64.49,62,14,9.06,IN,few clouds
376,Omsukchan,62.5333,155.8,57.83,75,99,7.31,IN,overcast clouds
377,Suntar,62.1444,117.6319,64.83,64,50,6.98,IN,scattered clouds
378,Novo Aripuana,-5.1206,-60.3797,81.73,47,49,2.13,IN,scattered clouds
379,Makakilo City,21.3469,-158.0858,88.12,62,75,13.8,IN,broken clouds
380,Whitehorse,60.7161,-135.0538,63.37,45,90,5.01,IN,overcast clouds
381,Banda Aceh,5.5577,95.3222,80.26,72,100,9.93,IN,overcast clouds
382,Sao Gabriel Da Cachoeira,-0.1303,-67.0892,73.33,97,92,0.6,IN,overcast clouds
383,Colomi,-17.35,-65.8667,62.62,82,45,5.93,IN,scattered clouds
384,Khatanga,71.9667,102.5,56.3,59,65,18.43,IN,broken clouds
385,Marevo,57.3146,32.0804,53.35,69,56,3.67,IN,broken clouds
386,Nizhniy Kuranakh,58.8353,125.4869,61.75,94,100,1.05,IN,overcast clouds
387,Ambajogai,18.7333,76.3833,71.67,89,100,15.73,IN,overcast clouds
388,Sosua,19.7667,-70.5167,87.22,70,40,11.5,IN,scattered clouds
389,Krasnogorskiy,54.6025,61.231,56.46,72,41,7.63,IN,scattered clouds
390,Kysyl-Syr,63.8986,122.7617,66.07,59,30,10.11,IN,scattered clouds
391,Meulaboh,4.1363,96.1285,76.17,85,96,2.51,IN,overcast clouds
392,Itaituba,-4.2761,-55.9836,82.83,45,98,1.54,IN,overcast clouds
393,Ossora,59.2353,163.0719,59.02,87,93,8.14,IN,overcast clouds
394,Flin Flon,54.7682,-101.865,71.44,56,90,16.11,IN,smoke
395,Balkanabat,39.5108,54.3671,83.5,67,0,5.08,IN,clear sky
396,Valparaiso,-33.0393,-71.6273,55.04,86,75,11.5,IN,broken clouds
397,Pimentel,-6.8367,-79.9342,71.89,81,0,3.0,IN,clear sky
398,Zlitan,32.4674,14.5687,77.97,63,0,7.45,IN,clear sky
399,Ntungamo,-0.8833,29.65,69.57,55,95,2.28,IN,overcast clouds
400,Varhaug,58.6147,5.6457,61.86,87,1,7.83,IN,clear sky
401,Gaptsakh,41.4517,47.9303,62.62,93,79,2.19,IN,broken clouds
402,Fuerte Olimpo,-21.0415,-57.8738,81.21,34,0,6.2,IN,clear sky
403,Raudeberg,61.9875,5.1352,58.87,90,98,2.28,IN,overcast clouds
404,Samana,19.2056,-69.3369,84.16,88,90,6.06,IN,overcast clouds
405,Lazaro Cardenas,17.9583,-102.2,84.81,77,54,9.06,IN,broken clouds
406,Niteroi,-22.8833,-43.1036,72.59,77,0,6.91,IN,clear sky
407,Meadow Lake,34.8014,-106.5436,85.6,40,92,14.32,IN,overcast clouds
408,Bonfim,3.0833,-59.95,82.42,66,97,4.7,IN,overcast clouds
409,Faya,18.3851,42.4509,66.31,70,59,2.15,IN,broken clouds
410,Port Hardy,50.6996,-127.4199,64.58,82,75,4.61,IN,broken clouds
411,Dombarovskiy,50.7587,59.5386,65.03,79,15,6.89,IN,few clouds
412,Labuhan,-6.8844,112.2051,72.45,88,2,6.53,IN,clear sky
413,Talaya,61.3833,152.75,67.32,65,96,12.21,IN,overcast clouds
414,Ouallam,14.3188,2.0866,84.07,60,34,4.99,IN,scattered clouds
415,Jefferson City,38.5767,-92.1735,94.82,46,1,6.91,IN,clear sky
416,Maxixe,-23.8597,35.3472,63.43,66,91,10.89,IN,light rain
417,Tateyama,34.9833,139.8667,85.01,75,1,9.06,IN,clear sky
418,Shellbrook,53.2168,-106.4011,78.03,19,9,20.96,IN,clear sky
419,Saint-Pierre,-21.3393,55.4781,67.64,81,90,10.36,IN,light rain
420,Aklavik,68.2191,-135.0107,67.03,82,75,10.36,IN,broken clouds
421,Egvekinot,66.3167,-179.1667,47.75,91,100,3.65,IN,overcast clouds
422,Mashhad,36.297,59.6062,77.14,41,0,0.0,IN,clear sky
423,Lazarev,52.225,141.5131,60.6,98,100,18.66,IN,overcast clouds
424,Jilikul,37.4917,68.5311,76.32,19,0,2.55,IN,clear sky
425,Brusyliv,50.2845,29.5263,69.22,68,100,2.44,IN,overcast clouds
426,Pleasanton,37.6624,-121.8747,98.15,31,1,1.01,IN,clear sky
427,Stuttgart,48.7823,9.177,68.04,74,0,4.61,IN,clear sky
428,San Patricio,28.017,-97.5169,96.78,43,0,16.13,IN,clear sky
429,Mount Gambier,-37.8333,140.7667,42.71,81,40,9.22,IN,light rain
430,Atikokan,48.7555,-91.6216,83.66,27,3,13.98,IN,clear sky
431,Toora-Khem,52.4675,96.11,60.06,97,100,1.52,IN,overcast clouds
432,Hammerfest,70.6634,23.6821,45.05,81,90,16.11,IN,overcast clouds
433,Moyo,3.6609,31.7247,65.55,94,100,2.17,IN,overcast clouds
434,Dhana,23.75,78.85,74.68,96,97,8.21,IN,overcast clouds
435,Khor,47.8861,134.9464,86.43,58,26,7.2,IN,scattered clouds
436,Pryazha,61.6926,33.6216,56.43,66,100,5.17,IN,overcast clouds
437,Cockburn Town,21.4612,-71.1419,84.16,65,40,13.8,IN,scattered clouds
438,Galesong,-5.3166,119.3661,64.42,65,48,7.43,IN,scattered clouds
439,Half Moon Bay,37.4636,-122.4286,97.12,59,1,10.36,IN,clear sky
440,Shimoda,34.6667,138.95,78.1,74,8,11.32,IN,clear sky
441,Lasa,46.6166,10.7002,68.88,93,54,3.06,IN,broken clouds
442,Moshi,-3.35,37.3333,62.31,79,14,3.11,IN,few clouds
443,Ouegoa,-20.35,164.4333,77.99,59,6,2.35,IN,clear sky
444,Borger,52.9233,6.7931,65.98,94,100,5.73,IN,moderate rain
445,Igarka,67.4667,86.5833,53.67,85,83,11.92,IN,broken clouds
446,Sibu,2.3,111.8167,77.31,88,20,3.44,IN,few clouds
447,Eydhafushi,5.1033,73.0708,82.0,74,69,5.08,IN,broken clouds
448,Vostok,46.4856,135.8833,83.23,58,70,0.67,IN,broken clouds
449,Havre-Saint-Pierre,50.2334,-63.5986,62.96,67,1,6.91,IN,clear sky
450,Amurzet,47.6967,131.0981,80.98,61,85,4.9,IN,light rain
451,Zonguldak,41.25,31.8333,58.41,89,1,2.93,IN,clear sky
452,Ambilobe,-13.2,49.05,62.87,83,47,3.58,IN,scattered clouds
453,Porto Belo,-27.1578,-48.5531,67.08,92,0,8.57,IN,clear sky
454,Leh,34.1667,77.5833,68.02,41,100,6.17,IN,overcast clouds
455,Lubao,14.9167,120.55,78.87,88,100,13.13,IN,moderate rain
456,Erzin,36.9559,36.2,79.52,87,5,0.94,IN,clear sky
457,Kuantan,3.8077,103.326,77.11,100,98,3.44,IN,overcast clouds
458,Aswan,24.0934,32.907,88.12,26,0,9.48,IN,clear sky
459,Tricase,39.9304,18.3553,69.15,59,0,3.53,IN,clear sky
460,Sabang,5.8933,95.3214,83.16,73,100,16.42,IN,overcast clouds
461,Araouane,18.9048,-3.5265,90.66,39,47,16.64,IN,scattered clouds
462,Talnakh,69.4865,88.3972,48.47,92,100,2.77,IN,moderate rain
463,Berlevag,70.8578,29.0864,45.12,88,100,25.97,IN,overcast clouds
464,Onega,63.9061,38.1404,50.49,78,93,6.02,IN,overcast clouds
465,Jutai,-5.1833,-68.9,80.02,64,75,3.56,IN,broken clouds
466,Havoysund,70.9963,24.6622,45.48,83,100,20.96,IN,overcast clouds
467,Melchor De Mencos,17.0686,-89.1522,84.2,79,40,6.91,IN,scattered clouds
468,Tibati,6.4667,12.6333,64.8,97,82,1.34,IN,light rain
469,Akyab,20.15,92.9,80.92,87,66,7.94,IN,moderate rain
470,Jining,35.405,116.5814,77.76,77,4,3.29,IN,light rain
471,Naze,28.3667,129.4833,79.72,93,100,23.13,IN,overcast clouds
472,Aborlan,9.4352,118.5492,81.14,75,99,7.14,IN,overcast clouds
473,Elista,46.3078,44.2558,72.12,46,74,6.71,IN,broken clouds
474,Caravelas,-17.7125,-39.2481,71.44,64,86,8.81,IN,overcast clouds
475,Gat,31.61,34.7642,79.48,81,1,2.17,IN,clear sky
476,Cardston,49.2,-113.3019,87.46,19,2,4.61,IN,clear sky
477,Halifax,44.6453,-63.5724,69.69,71,47,3.0,IN,scattered clouds
478,Biloela,-24.4167,150.5,62.2,40,0,15.57,IN,clear sky
479,Omboue,-1.5746,9.2618,73.92,73,80,6.49,IN,broken clouds
480,Baykit,61.67,96.37,68.65,68,5,1.36,IN,clear sky
481,Akcakoca,41.0866,31.1162,68.77,82,0,5.79,IN,clear sky
482,Fort Payne,34.4442,-85.7197,89.51,53,1,3.44,IN,clear sky
483,Pak Phanang,8.3511,100.202,83.07,84,100,8.97,IN,overcast clouds
484,Peterongan,-7.5394,112.2792,71.2,88,3,4.07,IN,clear sky
485,Kakching,24.4833,93.9833,70.39,98,100,2.28,IN,heavy intensity rain
486,Newtonmore,57.066,-4.1192,54.03,92,27,1.92,IN,scattered clouds
487,Chokwe,-24.5333,32.9833,56.21,85,39,8.41,IN,light rain
488,Qaqortoq,60.7167,-46.0333,50.5,92,74,3.69,IN,broken clouds
489,Sainte-Thecle,46.8168,-72.4991,78.85,67,94,6.64,IN,overcast clouds
490,Evensk,61.95,159.2333,51.22,97,100,4.23,IN,overcast clouds
491,Vila Franca Do Campo,37.7167,-25.4333,72.01,93,26,5.86,IN,scattered clouds
492,Sobolevo,54.4299,31.8996,54.09,82,1,5.06,IN,clear sky
493,Keti Bandar,24.1447,67.4497,82.78,83,88,20.22,IN,overcast clouds
494,Yamada,39.4667,141.95,78.71,72,23,5.46,IN,few clouds
495,Hendek,40.7994,30.7481,64.72,89,1,2.53,IN,clear sky
496,Concepcion Del Oro,24.6333,-101.4167,77.25,18,2,10.02,IN,clear sky
497,Cidreira,-30.1811,-50.2056,60.96,76,3,7.67,IN,clear sky
498,Price,39.5994,-110.8107,92.46,18,1,10.36,IN,clear sky
499,Mancio Lima,-7.6142,-72.8958,87.87,51,20,3.44,IN,few clouds
500,Barranca,-10.75,-77.7667,64.27,77,31,8.03,IN,scattered clouds
501,Shaunavon,49.6501,-108.4181,84.13,16,0,6.22,IN,clear sky
502,Kununurra,-15.7667,128.7333,71.58,49,95,6.91,IN,overcast clouds
503,Road Town,18.4167,-64.6167,82.2,89,40,11.5,IN,scattered clouds
504,Geraldton,-28.7667,114.6,54.12,94,90,10.36,IN,overcast clouds
505,Broken Hill,-31.95,141.4333,42.51,87,53,13.8,IN,broken clouds
506,Rawson,-43.3002,-65.1023,46.78,48,100,16.98,IN,overcast clouds
507,Kyabe,9.4515,18.9449,72.66,91,75,4.52,IN,broken clouds
508,Urazovka,55.4013,45.6186,49.91,75,11,3.42,IN,few clouds
509,Bayan,46.0833,127.4,72.48,89,100,4.59,IN,overcast clouds
510,Hamilton,39.1834,-84.5333,87.76,62,1,1.99,IN,clear sky
511,Sunrise Manor,36.2111,-115.0731,103.15,26,1,0.0,IN,clear sky
512,Bandarbeyla,9.4942,50.8122,77.97,71,44,26.8,IN,scattered clouds
513,Bilibino,68.0546,166.4372,56.57,54,49,3.29,IN,scattered clouds
514,Byron Bay,-28.65,153.6167,63.05,46,0,10.65,IN,clear sky
515,Moramanga,-18.9333,48.2,55.81,98,99,6.51,IN,light rain
516,Ballina,-28.8667,153.5667,61.79,55,0,4.61,IN,clear sky
517,Bourail,-21.5667,165.4833,77.13,58,0,2.04,IN,clear sky
518,Meiganga,6.5167,14.3,64.45,96,99,2.8,IN,overcast clouds
519,Muncar,-8.4333,114.3333,70.86,89,35,1.05,IN,scattered clouds
520,Lima,-12.0432,-77.0282,61.14,77,90,9.22,IN,overcast clouds
521,Bambamarca,-6.6833,-78.5333,69.57,65,6,4.81,IN,clear sky
522,Kutum,14.2,24.6667,73.9,69,99,13.71,IN,overcast clouds
523,Palu,-0.8917,119.8707,76.03,93,83,3.2,IN,broken clouds
524,Itamarandiba,-17.8572,-42.8589,55.76,84,6,4.34,IN,clear sky
525,Bajil,15.0584,43.2851,82.11,74,87,3.87,IN,overcast clouds
526,Kudahuvadhoo,2.6708,72.8944,81.7,76,94,5.59,IN,overcast clouds
527,Marawi,7.9986,124.2928,71.65,80,57,6.33,IN,broken clouds
528,Pafos,34.7667,32.4167,80.51,83,0,5.75,IN,clear sky
529,Salekhard,66.53,66.6019,54.77,77,95,9.71,IN,light rain
530,Setermoen,68.861,18.3486,51.76,99,100,3.85,IN,overcast clouds
531,Le Port,-20.9373,55.2919,67.96,77,56,6.11,IN,light rain
532,Kaspiyskiy,45.3929,47.3707,77.72,57,44,4.81,IN,scattered clouds
533,Ulaangom,49.9811,92.0667,65.1,71,89,1.36,IN,overcast clouds
534,Roma,43.2128,-75.4557,80.91,57,1,8.05,IN,clear sky
535,Alofi,-19.0595,-169.9187,82.29,74,32,6.91,IN,scattered clouds
536,Aguimes,27.9054,-15.4461,68.67,78,0,27.63,IN,clear sky
537,Katangli,51.7102,143.2326,71.58,87,80,4.83,IN,broken clouds
538,Ranong,9.9658,98.6348,79.81,89,100,10.89,IN,overcast clouds
539,Inhambane,-23.865,35.3833,64.47,64,91,12.28,IN,light rain
540,Saint-Joseph,-21.3667,55.6167,66.56,80,29,7.18,IN,light rain
541,Hvolsvollur,63.7533,-20.2243,48.81,93,91,9.42,IN,overcast clouds
542,Maketu,-37.7667,176.45,54.75,68,69,10.98,IN,broken clouds
543,Valls,41.2861,1.2499,76.93,76,40,0.0,IN,scattered clouds
544,Dongzhen,22.3797,110.9389,80.35,86,95,1.95,IN,overcast clouds
545,Fortuna,40.5982,-124.1573,71.85,72,1,14.97,IN,clear sky
546,Jalu,29.0331,21.5482,78.28,58,0,12.73,IN,clear sky
547,Pokrovka,42.3414,78.0056,64.99,31,0,7.36,IN,clear sky
548,Mizan Teferi,6.9833,35.5833,60.71,99,97,2.13,IN,light rain
549,Dewas,22.9667,76.0667,73.24,98,100,13.04,IN,moderate rain
550,Verkhnyaya Inta,65.9811,60.3094,46.81,92,100,11.9,IN,overcast clouds
551,Thai Binh,20.45,106.3333,82.4,91,54,5.68,IN,broken clouds
552,Bambous Virieux,-20.3428,57.7575,70.05,83,40,11.5,IN,light rain
553,Vorokhta,48.2869,24.5719,57.15,90,82,3.22,IN,broken clouds
554,Petropavlovsk-Kamchatskiy,53.0452,158.6483,61.39,88,75,6.71,IN,broken clouds
555,Coos Bay,43.3665,-124.2179,94.86,82,75,29.93,IN,mist
556,Klamath Falls,42.2249,-121.7817,93.87,17,1,1.01,IN,smoke
557,Mao,39.8885,4.2658,77.56,88,20,14.97,IN,few clouds
558,Xinyu,27.8043,114.9334,77.5,88,11,2.46,IN,few clouds
559,Behshahr,36.6923,53.5526,80.55,84,17,5.57,IN,few clouds
560,Buala,-8.145,159.5921,78.89,88,95,8.75,IN,light rain
561,Dvinskoy,62.1535,45.1175,46.8,77,95,4.65,IN,overcast clouds
562,Moron,-34.6534,-58.6198,60.03,89,100,1.01,IN,moderate rain
563,Ayorou,14.7308,0.9174,83.01,57,82,2.89,IN,broken clouds
564,Didwana,27.4,74.5667,88.0,66,90,7.2,IN,overcast clouds
565,Borba,-4.3878,-59.5939,79.92,57,82,3.02,IN,broken clouds
566,Gazli,40.1333,63.45,89.64,15,0,13.04,IN,clear sky
567,Bahar,34.9072,48.4414,76.08,22,5,3.6,IN,clear sky
568,Moose Factory,51.2585,-80.6094,68.0,88,90,9.22,IN,overcast clouds
569,Corinto,37.9407,22.9573,80.69,55,7,3.13,IN,clear sky
570,Stony Plain,53.5334,-114.0021,79.48,35,1,11.5,IN,clear sky
571,Karratha,-20.7377,116.8463,68.54,45,93,7.63,IN,overcast clouds
572,Ubinskoye,55.3068,79.6802,63.05,86,9,1.25,IN,clear sky
573,Batticaloa,7.7102,81.6924,81.63,69,100,1.21,IN,overcast clouds
574,Hay River,60.8156,-115.7999,51.78,71,75,9.22,IN,broken clouds
575,Beyneu,45.3167,55.2,83.16,40,51,13.0,IN,broken clouds
576,Sampit,-2.5333,112.95,71.98,95,10,2.15,IN,clear sky
577,Hearst,49.6835,-83.6665,71.85,93,100,4.83,IN,overcast clouds
578,Takhtamygda,54.1,123.5667,63.41,93,93,4.52,IN,light rain
579,Dicabisagan,17.0818,122.4157,84.33,69,100,6.76,IN,overcast clouds
580,Toguchin,55.2353,84.3858,63.25,93,13,2.37,IN,few clouds
581,Totma,59.9747,42.7642,44.69,78,73,5.21,IN,broken clouds
582,College,64.8569,-147.8028,64.99,69,75,8.05,IN,broken clouds
583,Pitsunda,43.1592,40.3378,69.98,80,30,6.69,IN,scattered clouds
584,Honghu,29.8206,113.4621,76.62,92,6,5.37,IN,clear sky
585,Bereda,43.2686,-7.5406,59.92,100,48,1.5,IN,scattered clouds
586,Gambela,8.25,34.5833,69.66,94,100,2.01,IN,overcast clouds
587,Batagay,67.6333,134.6333,67.06,50,39,13.2,IN,scattered clouds
588,Yuci,37.6803,112.7319,67.75,88,7,6.71,IN,clear sky
589,Komsomolskiy,40.4272,71.7189,81.32,32,0,2.3,IN,clear sky
590,Boone,39.0334,-92.3335,94.05,60,5,3.0,IN,clear sky
591,Teknaf,20.8624,92.3058,79.56,90,77,4.38,IN,broken clouds
592,Severnoye,56.3491,78.3619,64.44,90,33,2.44,IN,scattered clouds
593,Lahan,26.7296,86.4951,80.53,85,72,6.85,IN,broken clouds
594,Sydney,-33.8679,151.2073,54.27,54,0,15.99,IN,clear sky
595,Sulangan,11.1373,123.7228,83.17,74,74,15.7,IN,broken clouds
596,Ewa Beach,21.3156,-158.0072,89.55,61,75,13.8,IN,broken clouds
597,Jiangyou,31.7667,104.7167,74.84,92,17,2.59,IN,few clouds
598,Nishihara,26.1842,127.7558,80.26,97,75,23.02,IN,mist
599,Bantou,26.2151,117.4893,76.77,97,71,2.62,IN,broken clouds
600,Chulucanas,-5.0925,-80.1625,76.15,59,6,13.82,IN,clear sky
601,Grindavik,63.8424,-22.4338,50.56,100,90,8.05,IN,mist
602,Alice Springs,-23.7,133.8833,44.15,53,32,5.75,IN,haze
603,Coihaique,-45.5752,-72.0662,38.01,87,0,5.75,IN,clear sky
604,Nemuro,43.3236,145.575,64.17,96,91,8.79,IN,overcast clouds
605,South Lake Tahoe,38.9332,-119.9844,95.05,20,90,6.91,IN,haze
606,Takoradi,4.8845,-1.7554,74.28,83,4,9.26,IN,clear sky
607,Biskamzha,53.4497,89.5272,62.69,99,100,2.62,IN,overcast clouds
608,Sandane,61.7728,6.215,63.57,97,20,0.94,IN,few clouds
609,Balgazyn,51.0,95.2,61.97,88,100,0.51,IN,light rain
610,Vershino-Darasunskiy,52.35,115.5167,57.69,75,86,5.75,IN,overcast clouds
611,Carballo,43.213,-8.691,63.86,91,58,2.82,IN,broken clouds
612,Camacha,33.0833,-16.3333,68.76,83,40,10.36,IN,scattered clouds
613,Sulam,32.6061,35.3341,79.23,86,4,3.83,IN,clear sky
614,Kuleshovka,47.078,39.5579,77.94,51,0,7.58,IN,clear sky
615,Chinhoyi,-17.3667,30.2,53.06,47,94,8.66,IN,overcast clouds
616,Yamethin,20.4333,96.15,75.31,94,96,7.81,IN,overcast clouds
617,Atambua,-9.1061,124.8925,70.27,55,6,2.77,IN,clear sky
618,Bad Sackingen,47.5537,7.9461,67.89,92,96,2.08,IN,light rain
619,Shache,38.4167,77.2406,80.15,29,6,4.43,IN,clear sky
620,Inuvik,68.3499,-133.7218,67.21,64,75,6.91,IN,broken clouds
621,Adelaide,-34.9333,138.6,52.52,83,75,10.36,IN,broken clouds
622,Kibaya,-5.3,36.5667,55.11,72,0,9.73,IN,clear sky
623,Muriwai Beach,-36.8167,174.45,57.42,83,66,13.53,IN,broken clouds
624,Hokitika,-42.7167,170.9667,48.9,80,97,6.53,IN,light rain
625,Dubbo,-32.25,148.6167,42.93,93,90,10.36,IN,overcast clouds
626,Mwaro,-3.5,29.6667,55.94,56,10,4.85,IN,clear sky
627,Dengfeng,34.4553,113.0281,76.57,79,3,1.86,IN,clear sky
628,Kupang,-10.1667,123.5833,72.91,63,13,3.62,IN,few clouds
629,Krasnoarmeysk,51.0239,45.6969,64.29,68,42,6.31,IN,scattered clouds
630,Presidencia Roque Saenz Pena,-26.7852,-60.4388,76.93,38,12,7.38,IN,few clouds
631,Bowmore,34.9421,-79.3031,87.89,56,1,5.01,IN,clear sky
632,Bubaque,11.2833,-15.8333,77.32,85,100,4.97,IN,light rain
633,Ngunguru,-35.6167,174.5,62.17,69,84,16.87,IN,light rain
634,Zyryanka,65.75,150.85,65.03,58,100,1.12,IN,overcast clouds
635,Humaita,-7.5061,-63.0208,82.54,55,91,3.33,IN,overcast clouds
636,Akdepe,42.0551,59.3788,80.69,15,1,8.52,IN,clear sky
637,Ixtapa,20.7,-105.2,88.83,62,75,10.36,IN,broken clouds
638,Kisanga,-7.4362,37.7034,70.93,58,73,4.16,IN,broken clouds
639,Darnah,32.767,22.6367,78.01,75,0,16.13,IN,clear sky
640,Mersin,36.862,34.6509,79.95,75,0,7.18,IN,clear sky
641,Khuzhir,53.1939,107.3397,53.67,85,7,5.14,IN,clear sky
642,Bone,51.9669,12.1396,74.07,62,74,8.46,IN,broken clouds
643,Korla,41.7597,86.1469,84.13,21,26,9.6,IN,scattered clouds
644,Rancho Palos Verdes,33.7445,-118.387,92.66,77,40,5.99,IN,scattered clouds
645,Marzuq,14.4,46.4667,73.42,76,90,6.13,IN,overcast clouds
646,Layou,13.2,-61.2667,80.08,83,40,5.75,IN,scattered clouds
647,Mayor Pablo Lagerenza,-19.9309,-60.7718,82.69,30,0,6.69,IN,clear sky
648,Sambava,-14.2667,50.1667,66.96,78,67,11.3,IN,broken clouds
649,Rorvik,64.8621,11.2373,56.07,87,65,7.49,IN,broken clouds
650,Beringovskiy,63.05,179.3167,55.15,78,100,8.01,IN,overcast clouds
651,Kingsville,27.5159,-97.8561,96.76,51,1,3.0,IN,clear sky
652,Najran,17.4924,44.1277,84.85,45,76,2.66,IN,broken clouds
653,Cuiluan,47.72,128.648,72.7,87,100,3.2,IN,overcast clouds
654,Lexington,37.9887,-84.4777,87.94,49,1,8.05,IN,clear sky
655,Sao Filipe,14.8961,-24.4956,74.19,73,54,8.84,IN,broken clouds
656,La Ronge,55.1001,-105.2842,77.22,43,75,10.36,IN,broken clouds
657,San Francisco,37.7749,-122.4194,97.18,72,40,4.0,IN,scattered clouds
658,Shar,49.5886,81.0453,68.52,63,0,4.85,IN,clear sky
659,Dauphin,51.1494,-100.0502,80.74,36,1,19.57,IN,clear sky
660,Culaman,5.9603,125.6586,82.83,74,87,2.57,IN,overcast clouds
661,Baruun-Urt,46.6806,113.2792,63.37,57,12,8.08,IN,few clouds
662,Taltal,-25.4,-70.4833,58.93,73,8,4.34,IN,clear sky
663,Havelock,34.8791,-76.9013,83.05,56,1,1.99,IN,clear sky
664,San Carlos De Bariloche,-41.1456,-71.3082,40.75,56,40,5.75,IN,scattered clouds
665,Nyurba,63.2842,118.3319,64.27,59,60,5.95,IN,broken clouds
666,Maceio,-9.6658,-35.7353,74.64,83,75,14.97,IN,broken clouds
667,Agadez,19.75,10.25,87.37,39,81,9.98,IN,broken clouds
668,Yuzhno-Kurilsk,44.0306,145.8556,65.55,94,100,8.59,IN,overcast clouds
669,Comodoro Rivadavia,-45.8667,-67.5,44.46,76,0,3.44,IN,clear sky
670,Athabasca,54.7169,-113.2854,77.41,24,13,18.23,IN,few clouds
671,Esso,55.9333,158.7,65.08,79,90,3.6,IN,light rain
672,Yambio,4.5721,28.3955,66.96,97,85,3.31,IN,light rain
673,La Crosse,43.8014,-91.2396,91.51,51,1,4.0,IN,clear sky
674,Konya,38.1667,32.5,65.68,56,9,4.14,IN,clear sky
675,Novikovo,51.1537,37.8879,58.84,74,30,4.18,IN,scattered clouds
676,Seydi,39.4816,62.9137,88.21,15,0,11.16,IN,clear sky
677,Eureka,40.8021,-124.1637,72.12,70,28,5.99,IN,scattered clouds
678,Lebanon,36.2081,-86.2911,92.98,52,1,0.0,IN,clear sky
679,Tiznit,29.5833,-9.5,84.78,37,83,3.42,IN,broken clouds
680,Cacule,-14.5033,-42.2222,66.24,48,44,4.21,IN,scattered clouds
681,Novoshcherbinovskaya,46.4767,38.6476,69.06,52,0,6.78,IN,clear sky
682,Lewistown,40.5992,-77.5714,80.78,67,75,4.61,IN,broken clouds
683,Verkhoyansk,67.5447,133.385,69.46,49,65,11.03,IN,broken clouds
684,Mweka,-4.85,21.5667,69.62,43,2,1.07,IN,clear sky
685,Davila,18.4726,120.5763,78.78,88,100,26.71,IN,overcast clouds
686,Sembakung,3.8167,117.25,75.13,97,100,1.32,IN,overcast clouds
687,Kabompo,-13.5927,24.2008,58.41,61,12,9.64,IN,few clouds
688,Coahuayana,18.7333,-103.6833,92.68,70,43,5.79,IN,scattered clouds
689,Sokoni,-6.4333,39.55,76.24,74,54,24.34,IN,light rain
690,Prainha,-1.8,-53.48,79.93,64,99,2.95,IN,overcast clouds
691,Hobyo,5.3505,48.5268,76.39,78,71,25.66,IN,broken clouds
692,Francisco Sa,-16.4758,-43.4883,68.14,50,1,8.55,IN,clear sky
693,Bastia,42.6667,9.3333,78.6,91,90,5.75,IN,overcast clouds
694,Morgan City,29.6994,-91.2068,96.01,59,1,4.61,IN,clear sky
695,Turukhansk,65.8167,87.9833,66.63,65,1,13.47,IN,clear sky
696,San Felipe,10.3399,-68.7425,77.02,83,100,2.51,IN,overcast clouds
697,Palatka,29.6486,-81.6376,87.35,67,47,9.04,IN,scattered clouds
698,Yellandu,17.6,80.3333,75.76,91,100,7.0,IN,overcast clouds
